state,fatal_crashes,deaths,pct_rural_crashes,n_with_ems_times,pct_with_ems_times,mean_response_min,median_response_min,mean_response_rural_min,mean_response_urban_min
Alabama,1788,1936,59.1,1557,87.1,14.97,12,18.0,11.09
Alaska,120,131,54.2,36,30.0,11.53,7.0,21.62,5.83
Arizona,2316,2537,26.9,1686,72.8,9.88,7.0,16.45,6.93
Arkansas,1089,1199,63.9,936,86.0,10.76,9.0,13.42,6.26
California,7409,8045,25.0,208,2.8,19.54,11.0,28.7,17.56
Colorado,1308,1409,34.0,864,66.1,7.2,5.0,11.9,5.88
Connecticut,574,618,12.9,363,63.2,7.15,6,8.98,6.9
Delaware,249,261,38.2,238,95.6,6.71,6.0,7.88,5.96
District of Columbia,85,91,0.0,77,90.6,5.22,5,,5.22
Florida,6094,6513,20.3,88,1.4,8.73,8.0,10,8.19
Georgia,2798,3013,34.4,2441,87.2,9.62,8,10.93,8.83
Hawaii,185,195,10.3,170,91.9,8.96,7.0,15.35,8.2
Idaho,461,513,72.0,435,94.4,11.87,9,14.26,5.74
Illinois,2228,2418,31.6,1658,74.4,7.68,6.0,10.72,6.12
Indiana,1633,1736,57.4,239,14.6,17.08,10,19.15,13.79
Iowa,654,735,66.4,307,46.9,11.07,8,14.96,6.43
Kansas,667,726,56.4,632,94.8,9.2,8.0,11.56,6.12
Kentucky,1430,1521,60.6,1389,97.1,10.11,8,12.18,6.83
Louisiana,1460,1563,44.2,622,42.6,11.28,9.0,13.86,8.97
Maine,294,312,79.6,247,84.0,10.62,9,11.29,6.76
Maryland,1129,1199,18.4,484,42.9,9.55,9.0,11.06,9.15
Massachusetts,673,705,6.4,668,99.3,6.69,5.0,11.31,6.38
Michigan,2033,2194,38.9,938,46.1,8.37,7.0,10.21,6.76
Minnesota,795,879,56.5,748,94.1,9.73,8.0,11.7,6.99
Mississippi,1345,1486,66.0,409,30.4,12.89,11,13.09,12.6
Missouri,1787,1946,48.9,1155,64.6,10.94,8,15.32,7.21
Montana,389,414,79.4,348,89.5,12.74,10.5,13.9,6.18
Nebraska,429,478,66.9,361,84.1,8.76,7,10.62,5.68
Nevada,745,823,23.2,162,21.7,5.52,5.0,15,5.11
New Hampshire,239,260,53.6,196,82.0,9.1,8.0,10.59,7.42
New Jersey,1210,1275,11.9,1034,85.5,7.19,6.0,9.85,6.84
New Mexico,783,849,56.4,1,0.1,0,0,,0
New York,2071,2218,25.2,1380,66.6,8.3,6.0,11.48,6.69
North Carolina,2974,3196,62.4,1793,60.3,9.07,8,10.15,7.57
North Dakota,180,196,81.7,157,87.2,15.15,14,16.74,7.52
Ohio,2227,2399,39.7,2142,96.2,8.19,6.0,10.89,6.42
Oklahoma,1230,1356,55.1,54,4.4,13.3,10.5,16.97,8.55
Oregon,1025,1125,51.9,811,79.1,10.4,8,13.75,6.44
Pennsylvania,2193,2338,40.8,810,36.9,9.18,7.0,12,7.44
Rhode Island,115,123,13.0,113,98.3,6.07,6,6.79,5.95
South Carolina,1924,2085,49.2,0,0.0,,,,
South Dakota,262,286,80.2,184,70.2,13.26,12.0,15,6.08
Tennessee,2312,2520,39.1,1296,56.1,10.83,8.0,13.68,8.88
Texas,7651,8454,36.0,253,3.3,10.36,9,13.65,9.05
Utah,502,557,42.6,480,95.6,10.75,8.0,15.7,7.09
Vermont,116,128,80.2,102,87.9,10.82,8.0,11.23,9.05
Virginia,1723,1831,49.5,1,0.1,26,26,26,
Washington,1406,1539,39.0,452,32.1,10.15,8.0,14.69,7.35
West Virginia,471,516,60.3,149,31.6,11.44,8,13.52,8.96
Wisconsin,1062,1181,58.0,675,63.6,10.08,8,12.25,6.15
Wyoming,223,251,75.8,174,78.0,15.79,11.5,19.22,5.66
