state,population,vmt_millions,deaths,deaths_per_100k,deaths_per_100m_vmt,ped_n,ped_pct,occupant_n,bac08_pct,observed_belt_use_pct,unrestrained_pct_of_occ_deaths,speeding_pct,rural_death_pct,belt_law,ems_mean_min,ems_rural_min,ems_urban_min,ems_pct_reported,vmt_per_capita,ped_deaths_per_100k,occupant_deaths_per_100k
Alabama,5157699,72904,962,18.7,1.32,128,13,658,32,92,54,29,59,primary,14.97,18,11.09,87.1,14134.985387863851,2.481726832062127,12.757626996069371
Alaska,740133,5503,70,9.5,1.27,15,21,39,13,92,29,50,53,primary,11.53,21.62,5.83,30,7435.15016895612,2.0266627754741378,5.269323216232758
Arizona,7582384,70451,1229,16.2,1.74,250,20,620,32,90,44,36,30,secondary,9.88,16.45,6.93,72.8,9291.404919613673,3.297116052154573,8.176847809343341
Arkansas,3088354,39372,603,19.5,1.53,69,11,429,29,78,48,23,68,primary,10.76,13.42,6.26,86,12748.538541889951,2.234199835899641,13.890894631897769
California,39431263,325959,3876,9.8,1.1900000000000002,1090,28,1999,41,98,38,29,27,primary,19.54,28.7,17.56,2.8,8266.511777723174,2.7643040498094114,5.069581463824783
Colorado,5957493,55068,689,11.6,1.25,112,16,378,34,88,47,34,34,secondary,7.2,11.9,5.88,66.1,9243.48547283228,1.879985423398735,6.344950803970731
Connecticut,3675069,30947,310,8.4,1,61,20,162,32,95,35,41,13,primary,7.15,8.98,6.9,63.2,8420.794276243521,1.6598327813709075,4.4080805013456885
Delaware,1051917,9937,126,12,1.27,28,22,65,33,92,58,25,40,primary,6.71,7.88,5.96,95.6,9446.562799156207,2.661806967659996,6.179194746353563
District of Columbia,702250,3539,47,6.7,1.33,18,38,19,34,93,47,38,0,primary,5.22,NA,5.22,90.6,5039.515841936633,2.5631897472410112,2.7055891776432897
Florida,23372215,249474,3138,13.4,1.26,668,21,1495,28,90,43,11,21,primary,8.73,10,8.19,1.4,10673.956233929903,2.8580945366111,6.396484030289812
Georgia,11180878,122216,1403,12.5,1.1500000000000001,286,20,864,25,89,44,24,35,primary,9.62,10.93,8.83,87.2,10930.805255186579,2.5579386520450362,7.72747900477941
Hawaii,1446146,10647,102,7.1,0.96,35,34,31,49,97,55,42,13,primary,8.96,15.35,8.2,91.9,7362.327178583629,2.420225896970292,2.143628651602259
Idaho,2001619,20046,238,11.9,1.1900000000000002,14,6,160,30,86,47,24,75,secondary,11.87,14.26,5.74,94.4,10014.892944161702,0.6994338083321551,7.9935292380817735
Illinois,12710158,104290,1177,9.3,1.1300000000000001,213,18,720,30,92,36,36,32,primary,7.68,10.72,6.12,74.4,8205.248117293271,1.6758249582735323,5.664760422333066
Indiana,6924275,88231,832,12,0.9400000000000001,104,12,541,27,94,37,26,59,primary,17.08,19.15,13.79,14.6,12742.272656704132,1.5019622993020931,7.813092345408004
Iowa,3241488,33817,356,11,1.05,30,8,233,31,94,39,20,64,primary,11.07,14.96,6.43,46.9,10432.55443179182,0.9255008810768387,7.188056843030115
Kansas,2970606,31670,339,11.4,1.07,34,10,231,32,86,42,21,55,primary,9.2,11.56,6.12,94.8,10661.124363177076,1.1445476108241888,7.776191120599635
Kentucky,4588372,49168,707,15.4,1.44,95,13,454,23,88,46,13,62,primary,10.11,12.18,6.83,97.1,10715.783288713295,2.070451131686794,9.894576987218995
Louisiana,4597740,55109,752,16.4,1.36,159,21,458,30,88,54,28,45,primary,11.28,13.86,8.97,42.6,11986.106217402463,3.4582207780344256,9.96141582603627
Maine,1405012,15161,177,12.6,1.1700000000000002,13,7,124,30,94,47,24,80,primary,10.62,11.29,6.76,84,10790.655168781477,0.9252590013466077,8.825547397459951
Maryland,6263220,57049,578,9.2,1.01,152,26,302,31,91,35,20,18,primary,9.55,11.06,9.15,42.9,9108.573545237114,2.4268666915739825,4.821800926679887
Massachusetts,7136171,62013,363,5.1,0.59,76,21,193,26,84,52,29,8,secondary,6.69,11.31,6.38,99.3,8689.954318639506,1.0649969009991491,2.704531603853103
Michigan,10140459,99661,1098,10.8,1.1,150,14,695,25,92,32,25,41,primary,8.37,10.21,6.76,46.1,9828.056106730475,1.479222981918274,6.853733149554669
Minnesota,5793151,59181,477,8.2,0.81,57,12,296,23,95,34,29,58,primary,9.73,11.7,6.99,94.1,10215.684003403328,0.9839204950811742,5.109481869193467
Mississippi,2943045,41554,753,25.6,1.81,104,14,548,22,81,37,17,67,primary,12.89,13.09,12.6,30.4,14119.389951563771,3.533755005445041,18.620170605614252
Missouri,6245466,81807,955,15.3,1.1700000000000002,137,14,612,28,88,58,33,47,secondary,10.94,15.32,7.21,64.6,13098.622264535585,2.193591318886373,9.799108665390222
Montana,1137233,13865,206,18.1,1.49,10,5,147,37,79,58,43,79,secondary,12.74,13.9,6.18,89.5,12191.87272968688,0.8793272794581234,12.926111008034413
Nebraska,2005465,21900,251,12.5,1.1500000000000001,19,8,183,29,80,55,27,65,secondary,8.76,10.62,5.68,84.1,10920.160660993834,0.9474111988990085,9.125065757816765
Nevada,3267467,28433,417,12.8,1.47,108,26,194,35,95,31,33,25,secondary,5.52,15,5.11,21.7,8701.847639165138,3.3053126473809837,5.937320866591766
New Hampshire,1409032,13854,133,9.4,0.96,10,8,81,29,78,51,29,56,none (adults),9.1,10.59,7.42,82,9832.282020564473,0.7097070896899432,5.7486274264885395
New Jersey,9500851,79460,670,7.1,0.8400000000000001,210,31,300,24,90,46,23,15,primary,7.19,9.85,6.84,85.5,8363.46133625293,2.210328316905507,3.1576118812935814
New Mexico,2130256,28645,409,19.2,1.43,90,22,254,32,94,41,36,64,primary,0,NA,0,0.1,13446.740673421411,4.224844337957504,11.9234495760134
New York,19867248,120869,1101,5.5,0.91,289,26,516,27,92,34,33,26,primary,8.3,11.48,6.69,66.6,6083.832043572416,1.4546554208212432,2.5972394364836036
North Carolina,11046024,131008,1619,14.7,1.24,264,16,1048,28,93,42,42,62,primary,9.07,10.15,7.57,60.3,11860.195125413453,2.390000239000024,9.487576706333428
North Dakota,796568,10030,90,11.3,0.9,5,6,60,27,80,47,22,81,primary,15.15,16.74,7.52,87.2,12591.517610549256,0.6276928021210995,7.532313625453194
Ohio,11883304,116036,1157,9.7,1,122,11,746,33,85,52,17,43,secondary,8.19,10.89,6.42,96.2,9764.624383925548,1.0266505005678557,6.2777153559313135
Oklahoma,4095393,46456,645,15.7,1.3900000000000001,77,12,429,32,86,51,37,58,primary,13.3,16.97,8.55,4.4,11343.477903097457,1.880161439939952,10.475185165379733
Oregon,4272371,37399,538,12.6,1.44,96,18,331,33,96,32,30,54,primary,10.4,13.75,6.44,79.1,8753.687355335012,2.246995871847272,7.747454516473406
Pennsylvania,13078751,95194,1127,8.6,1.1800000000000002,173,15,668,27,88,47,39,39,secondary,9.18,12,7.44,36.9,7278.523767292458,1.3227562784856137,5.107521352765261
Rhode Island,1112308,7656,52,4.7,0.6799999999999999,13,25,25,48,91,52,31,13,primary,6.07,6.79,5.95,98.3,6882.985647860125,1.168741032160157,2.247578908000302
South Carolina,5478831,62042,1038,18.9,1.6700000000000002,156,15,675,41,90,50,38,46,primary,NA,NA,NA,0,11323.948484631119,2.847322722675695,12.32014639619291
South Dakota,924669,10450,146,15.8,1.4,9,6,89,37,89,57,23,80,secondary,13.26,15,6.08,70.2,11301.341344848805,0.9733212641496579,9.625065834368838
Tennessee,7227750,78904,1197,16.6,1.52,158,13,798,26,92,39,19,40,primary,10.83,13.68,8.88,56.1,10916.813669537547,2.1860191622565806,11.040780325827539
Texas,31290831,308461,4160,13.3,1.35,763,18,2619,39,90,40,36,36,primary,10.36,13.65,9.05,3.3,9857.871783590535,2.4384139877908644,8.369864002653046
Utah,3503613,36160,277,7.9,0.77,42,15,155,30,91,36,30,49,primary,10.75,15.7,7.09,95.6,10320.774583265902,1.198762534560752,4.424004591831347
Vermont,648493,7208,59,9.1,0.8200000000000001,6,10,42,42,88,51,54,71,secondary,10.82,11.23,9.05,87.9,11115.00047032119,0.9252220147326186,6.47655410312833
Virginia,8811195,88511,917,10.4,1.04,123,13,625,30,82,53,31,50,secondary,26,26,NA,0.1,10045.288976126394,1.395951400462707,7.093248986090989
Washington,7958180,60555,730,9.2,1.21,152,21,440,33,95,32,34,40,primary,10.15,14.69,7.35,32.1,7609.1518412501355,1.9099844436793336,5.5289023369664925
West Virginia,1769979,17214,256,14.5,1.49,25,10,170,24,92,44,30,56,primary,11.44,13.52,8.96,31.6,9725.53911656579,1.4124461363665897,9.60463372729281
Wisconsin,5960975,69226,595,10,0.8600000000000001,58,10,377,30,89,43,32,57,primary,10.08,12.25,6.15,63.6,11613.20086059747,0.9729951895453345,6.324468732044674
Wyoming,587618,9720,107,18.2,1.1,4,4,73,42,73,61,39,75,secondary,15.79,19.22,5.66,78,16541.35850161159,0.6807143416301067,12.423036734749445
